<8bitboy>
	<parameter>
		<!-- colors in hexformat -->
		<param name="background" value="ff000000" />
		<param name="foreground" value="00000000" />
		<!-- [true,false] -->
		<param name="autostart" value="true" />
		<!-- [0-1] -->
		<param name="volume" value=".80" />
	</parameter>
	<!--
	     SERVER GENERATED PLAYLIST
	<playlist phpPath="read_mods.php?d=./mods/"/>
	-->
	<!-- MANUEL PLAYLIST -->
	<playlist>
		<!--
			In most mods, the waveforms title are credits
			If they don't have any or just *real* waveform title,
			you can surpress displaying them
		-->
		<song url="mod/delicate.mod" hasCredits="true" />
		<song url="mod/class11.mod" hasCredits="true" />
		<song url="mod/complex.mod" hasCredits="true" />
		<song url="mod/sac14.mod" hasCredits="true" />
		
	</playlist>
</8bitboy>